ImageNumber,ObjectNumber,Metadata_C,Metadata_ChannelName,Metadata_ColorFormat,Metadata_FileLocation,Metadata_Frame,Metadata_Plate,Metadata_Series,Metadata_Site,Metadata_SizeC,Metadata_SizeT,Metadata_SizeX,Metadata_SizeY,Metadata_SizeZ,Metadata_T,Metadata_Well,Metadata_Z,FileName_CFP,FileName_DIC,FileName_RFP,FileName_YFP,PathName_CFP,PathName_DIC,PathName_RFP,PathName_YFP,Intensity_IntegratedIntensityEdge_CFP,Intensity_IntegratedIntensityEdge_RFP,Intensity_IntegratedIntensityEdge_YFP,Intensity_IntegratedIntensity_CFP,Intensity_IntegratedIntensity_RFP,Intensity_IntegratedIntensity_YFP,Intensity_LowerQuartileIntensity_CFP,Intensity_LowerQuartileIntensity_RFP,Intensity_LowerQuartileIntensity_YFP,Intensity_MADIntensity_CFP,Intensity_MADIntensity_RFP,Intensity_MADIntensity_YFP,Intensity_MassDisplacement_CFP,Intensity_MassDisplacement_RFP,Intensity_MassDisplacement_YFP,Intensity_MaxIntensityEdge_CFP,Intensity_MaxIntensityEdge_RFP,Intensity_MaxIntensityEdge_YFP,Intensity_MaxIntensity_CFP,Intensity_MaxIntensity_RFP,Intensity_MaxIntensity_YFP,Intensity_MeanIntensityEdge_CFP,Intensity_MeanIntensityEdge_RFP,Intensity_MeanIntensityEdge_YFP,Intensity_MeanIntensity_CFP,Intensity_MeanIntensity_RFP,Intensity_MeanIntensity_YFP,Intensity_MedianIntensity_CFP,Intensity_MedianIntensity_RFP,Intensity_MedianIntensity_YFP,Intensity_MinIntensityEdge_CFP,Intensity_MinIntensityEdge_RFP,Intensity_MinIntensityEdge_YFP,Intensity_MinIntensity_CFP,Intensity_MinIntensity_RFP,Intensity_MinIntensity_YFP,Intensity_StdIntensityEdge_CFP,Intensity_StdIntensityEdge_RFP,Intensity_StdIntensityEdge_YFP,Intensity_StdIntensity_CFP,Intensity_StdIntensity_RFP,Intensity_StdIntensity_YFP,Intensity_UpperQuartileIntensity_CFP,Intensity_UpperQuartileIntensity_RFP,Intensity_UpperQuartileIntensity_YFP,Location_CenterMassIntensity_X_CFP,Location_CenterMassIntensity_X_RFP,Location_CenterMassIntensity_X_YFP,Location_CenterMassIntensity_Y_CFP,Location_CenterMassIntensity_Y_RFP,Location_CenterMassIntensity_Y_YFP,Location_CenterMassIntensity_Z_CFP,Location_CenterMassIntensity_Z_RFP,Location_CenterMassIntensity_Z_YFP,Location_Center_X,Location_Center_Y,Location_MaxIntensity_X_CFP,Location_MaxIntensity_X_RFP,Location_MaxIntensity_X_YFP,Location_MaxIntensity_Y_CFP,Location_MaxIntensity_Y_RFP,Location_MaxIntensity_Y_YFP,Location_MaxIntensity_Z_CFP,Location_MaxIntensity_Z_RFP,Location_MaxIntensity_Z_YFP,Number_Object_Number
1,1,0,nan,monochrome,file:///C:/Users/ajdav/OneDrive%20-%20University%20of%20Cambridge/3rd%20Year%20%28II%29/6.%20Research%20Project/EXP5%20-%20forward%20transfection%20repeat%203/150224%20Images%20for%20Analysis/20-1_1_MMStack_Default.ome.tif,nan,nan,0,nan,1,4,1344,1100,1,nan,nan,0,20-1_1_MMStack_Default.ome.tif,20-1_1_MMStack_Default.ome.tif,20-1_1_MMStack_Default.ome.tif,20-1_1_MMStack_Default.ome.tif,C:\Users\ajdav\OneDrive - University of Cambridge\3rd Year (II)\6. Research Project\EXP5 - forward transfection repeat 3\150224 Images for Analysis,C:\Users\ajdav\OneDrive - University of Cambridge\3rd Year (II)\6. Research Project\EXP5 - forward transfection repeat 3\150224 Images for Analysis,C:\Users\ajdav\OneDrive - University of Cambridge\3rd Year (II)\6. Research Project\EXP5 - forward transfection repeat 3\150224 Images for Analysis,C:\Users\ajdav\OneDrive - University of Cambridge\3rd Year (II)\6. Research Project\EXP5 - forward transfection repeat 3\150224 Images for Analysis,2.5488670580089092,2.2001525901723653,2.737087117973715,123.46816410170868,106.19569694180973,130.9610926732421,0.00379949645139277,0.003265430685132742,0.004028381779789925,0.00013733142986893654,0.00012207217514514923,0.00015259021893143654,0.2805842562341901,0.45324474659226177,0.6203875666773242,0.004440375603735447,0.004074159078299999,0.0049134050495922565,0.00474555604159832,0.004257267341017723,0.00508125452324748,0.003939516318406351,0.0034005449616265307,0.004230428312169575,0.00394340990423854,0.0033917501418655295,0.004182724135204155,0.003936827648431063,0.003387502860277891,0.004180971998721361,0.0033722438383847475,0.0028381780721247196,0.0034943160135298967,0.00317387655377388,0.0025787746999412775,0.0033264667727053165,0.00020323040556944667,0.00018265207150296238,0.00022780688144062412,0.00020734776818521214,0.00018622937958418686,0.00022171026953990365,0.004089417867362499,0.003524834057316184,0.004333562217652798,459.8489456996017,459.9956814651755,460.1779615368155,161.68589493727663,161.78359588814462,161.82175104152398,0.0,0.0,0.0,459.6630150111785,161.4757585435963,463.0,463.0,513.0,233.0,124.0,239.0,0.0,0.0,0.0,1
2,1,0,nan,monochrome,file:///C:/Users/ajdav/OneDrive%20-%20University%20of%20Cambridge/3rd%20Year%20%28II%29/6.%20Research%20Project/EXP5%20-%20forward%20transfection%20repeat%203/150224%20Images%20for%20Analysis/20-1_2_MMStack_Default.ome.tif,nan,nan,0,nan,1,4,1344,1100,1,nan,nan,0,20-1_2_MMStack_Default.ome.tif,20-1_2_MMStack_Default.ome.tif,20-1_2_MMStack_Default.ome.tif,20-1_2_MMStack_Default.ome.tif,C:\Users\ajdav\OneDrive - University of Cambridge\3rd Year (II)\6. Research Project\EXP5 - forward transfection repeat 3\150224 Images for Analysis,C:\Users\ajdav\OneDrive - University of Cambridge\3rd Year (II)\6. Research Project\EXP5 - forward transfection repeat 3\150224 Images for Analysis,C:\Users\ajdav\OneDrive - University of Cambridge\3rd Year (II)\6. Research Project\EXP5 - forward transfection repeat 3\150224 Images for Analysis,C:\Users\ajdav\OneDrive - University of Cambridge\3rd Year (II)\6. Research Project\EXP5 - forward transfection repeat 3\150224 Images for Analysis,2.9114519075956196,2.6725108718965203,3.691111695719883,139.05407834867947,127.16365299094468,170.2641831357032,0.003479056991636753,0.0031891355756670237,0.004028381779789925,0.00013733119703829288,0.00013733119703829288,0.0003356984816491604,1.511860978058832,1.1423206706497002,2.143242775069304,0.00440985755994916,0.00440985755994916,0.006408789195120335,0.004547188524156809,0.00440985755994916,0.007400625851005316,0.0036530136858163357,0.0033532131391424344,0.004631256832772751,0.003625543055448701,0.0033155251861851356,0.004439280991179621,0.003616388188675046,0.003311207750812173,0.004318303428590298,0.0028381780721247196,0.002685587853193283,0.0033264667727053165,0.0028381780721247196,0.002563515678048134,0.0030975814443081617,0.00024000210402494823,0.00021742863170986696,0.0006925387493981011,0.00021160334700928108,0.0001935491058641873,0.0005608567339378391,0.0037689784076064825,0.0034485389478504658,0.00474555604159832,175.1033482127594,174.80786892172722,173.13367288055025,966.0800923462004,966.3036393300176,965.087834054002,0.0,0.0,0.0,173.95752724618032,967.0664076758617,159.0,47.0,66.0,898.0,953.0,1016.0,0.0,0.0,0.0,1
3,1,0,nan,monochrome,file:///C:/Users/ajdav/OneDrive%20-%20University%20of%20Cambridge/3rd%20Year%20%28II%29/6.%20Research%20Project/EXP5%20-%20forward%20transfection%20repeat%203/150224%20Images%20for%20Analysis/20-1_3_MMStack_Default.ome.tif,nan,nan,0,nan,1,4,1344,1100,1,nan,nan,0,20-1_3_MMStack_Default.ome.tif,20-1_3_MMStack_Default.ome.tif,20-1_3_MMStack_Default.ome.tif,20-1_3_MMStack_Default.ome.tif,C:\Users\ajdav\OneDrive - University of Cambridge\3rd Year (II)\6. Research Project\EXP5 - forward transfection repeat 3\150224 Images for Analysis,C:\Users\ajdav\OneDrive - University of Cambridge\3rd Year (II)\6. Research Project\EXP5 - forward transfection repeat 3\150224 Images for Analysis,C:\Users\ajdav\OneDrive - University of Cambridge\3rd Year (II)\6. Research Project\EXP5 - forward transfection repeat 3\150224 Images for Analysis,C:\Users\ajdav\OneDrive - University of Cambridge\3rd Year (II)\6. Research Project\EXP5 - forward transfection repeat 3\150224 Images for Analysis,2.3008468924090266,2.113954375497997,2.557290054857731,92.85687086707912,85.42890058946796,101.7056552930735,0.003570611122995615,0.0032806897070258856,0.003830014495179057,0.00013733119703829288,0.00013733119703829288,0.00018310826271772385,0.8112349404245631,0.691304925228348,2.0339272405642204,0.004486152436584234,0.004318303428590298,0.005737392231822014,0.004669260699301958,0.004348821472376585,0.0065918974578380585,0.003753420705398086,0.003448538948610109,0.004171761916570524,0.00371368064577984,0.0034166093660801455,0.004067575399658995,0.003707942320033908,0.0034180209040641785,0.003997863736003637,0.00317387655377388,0.0028839551378041506,0.003479056991636753,0.0028839551378041506,0.002685587853193283,0.0030212863348424435,0.00021415710357165784,0.0001969172729284202,0.00040530584685189813,0.00021204853641807093,0.00019423786685035855,0.00037723978029641214,0.0038452735170722008,0.0035400930792093277,0.0042114900425076485,114.21499410333806,114.07756499499472,115.37490925207703,926.783240950939,926.7423376585732,927.5619519533301,0.0,0.0,0.0,113.42709166533355,926.976403775396,199.0,179.0,153.0,924.0,927.0,947.0,0.0,0.0,0.0,1
4,1,0,nan,monochrome,file:///C:/Users/ajdav/OneDrive%20-%20University%20of%20Cambridge/3rd%20Year%20%28II%29/6.%20Research%20Project/EXP5%20-%20forward%20transfection%20repeat%203/150224%20Images%20for%20Analysis/20-1_4_MMStack_Default.ome.tif,nan,nan,0,nan,1,4,1344,1100,1,nan,nan,0,20-1_4_MMStack_Default.ome.tif,20-1_4_MMStack_Default.ome.tif,20-1_4_MMStack_Default.ome.tif,20-1_4_MMStack_Default.ome.tif,C:\Users\ajdav\OneDrive - University of Cambridge\3rd Year (II)\6. Research Project\EXP5 - forward transfection repeat 3\150224 Images for Analysis,C:\Users\ajdav\OneDrive - University of Cambridge\3rd Year (II)\6. Research Project\EXP5 - forward transfection repeat 3\150224 Images for Analysis,C:\Users\ajdav\OneDrive - University of Cambridge\3rd Year (II)\6. Research Project\EXP5 - forward transfection repeat 3\150224 Images for Analysis,C:\Users\ajdav\OneDrive - University of Cambridge\3rd Year (II)\6. Research Project\EXP5 - forward transfection repeat 3\150224 Images for Analysis,2.564004031708464,2.095902952365577,3.1561761596240103,98.03012363985181,81.15118638961576,114.70921153551899,0.003982604946941137,0.0032959487289190292,0.004455634392797947,0.00015259021893143654,0.00012207217514514923,0.0002899216488003731,0.7521718857457709,0.362411280452446,3.7791126074837984,0.005065995268523693,0.003997863736003637,0.007721065077930689,0.005065995268523693,0.0041962312534451485,0.008163576945662498,0.00421018724418467,0.0034415483618482384,0.005182555270318572,0.004144686438349899,0.0034310496528672314,0.004849873648550608,0.004135195165872574,0.003433279925957322,0.004684519954025745,0.0036011291667819023,0.0028534370940178633,0.003936827648431063,0.0032501716632395983,0.0027008468750864267,0.0036011291667819023,0.00024663999395211993,0.00018292566394238822,0.0008572485884223174,0.00022872648402037012,0.00018697608557843374,0.0005877097296094635,0.00430304417386651,0.0035553521011024714,0.005111772567033768,394.45091581126434,393.9808489433019,397.4979053198685,140.22823395035408,140.3044402100865,139.9913500155532,0.0,0.0,0.0,393.7193049213597,140.05356840859125,479.0,382.0,479.0,163.0,216.0,149.0,0.0,0.0,0.0,1
5,1,0,nan,monochrome,file:///C:/Users/ajdav/OneDrive%20-%20University%20of%20Cambridge/3rd%20Year%20%28II%29/6.%20Research%20Project/EXP5%20-%20forward%20transfection%20repeat%203/150224%20Images%20for%20Analysis/20-1_6_MMStack_Default.ome.tif,nan,nan,0,nan,1,4,1344,1100,1,nan,nan,0,20-1_6_MMStack_Default.ome.tif,20-1_6_MMStack_Default.ome.tif,20-1_6_MMStack_Default.ome.tif,20-1_6_MMStack_Default.ome.tif,C:\Users\ajdav\OneDrive - University of Cambridge\3rd Year (II)\6. Research Project\EXP5 - forward transfection repeat 3\150224 Images for Analysis,C:\Users\ajdav\OneDrive - University of Cambridge\3rd Year (II)\6. Research Project\EXP5 - forward transfection repeat 3\150224 Images for Analysis,C:\Users\ajdav\OneDrive - University of Cambridge\3rd Year (II)\6. Research Project\EXP5 - forward transfection repeat 3\150224 Images for Analysis,C:\Users\ajdav\OneDrive - University of Cambridge\3rd Year (II)\6. Research Project\EXP5 - forward transfection repeat 3\150224 Images for Analysis,3.1014267953578383,2.5471122332382947,3.2242466665338725,140.7241813694127,115.16165411775,144.3961736713536,0.004028381779789925,0.0032806897070258856,0.0041199359111487865,0.00015259021893143654,0.00013733119703829288,0.00016784900799393654,1.4020136071800091,1.5427493335536253,2.1449586852321203,0.0059967958368361,0.007965209893882275,0.00758373411372304,0.006271458230912685,0.008087282069027424,0.0076752882450819016,0.004254357743975087,0.0034939811155532165,0.004422834933516972,0.004196838190612051,0.0034344831385210704,0.0043063485631610636,0.0041962312534451485,0.0034180209040641785,0.004272526130080223,0.0034637979697436094,0.0027466239407658577,0.0035095750354230404,0.0033264667727053165,0.002639810787513852,0.0034485389478504658,0.00031962485878775696,0.00047679072844640535,0.0004943133892212569,0.0002466009332667506,0.0002656310324220848,0.00031159860845827894,0.004348821472376585,0.0035553521011024714,0.004455634392797947,161.35059257870017,161.49331916051284,162.11221638373758,783.3792144645826,783.3809898744811,783.5968443637588,0.0,0.0,0.0,159.96728400584533,783.6074677164415,286.0,285.0,287.0,756.0,757.0,758.0,0.0,0.0,0.0,1
6,1,0,nan,monochrome,file:///C:/Users/ajdav/OneDrive%20-%20University%20of%20Cambridge/3rd%20Year%20%28II%29/6.%20Research%20Project/EXP5%20-%20forward%20transfection%20repeat%203/150224%20Images%20for%20Analysis/20-2_1_MMStack_Default.ome.tif,nan,nan,0,nan,1,4,1344,1100,1,nan,nan,0,20-2_1_MMStack_Default.ome.tif,20-2_1_MMStack_Default.ome.tif,20-2_1_MMStack_Default.ome.tif,20-2_1_MMStack_Default.ome.tif,C:\Users\ajdav\OneDrive - University of Cambridge\3rd Year (II)\6. Research Project\EXP5 - forward transfection repeat 3\150224 Images for Analysis,C:\Users\ajdav\OneDrive - University of Cambridge\3rd Year (II)\6. Research Project\EXP5 - forward transfection repeat 3\150224 Images for Analysis,C:\Users\ajdav\OneDrive - University of Cambridge\3rd Year (II)\6. Research Project\EXP5 - forward transfection repeat 3\150224 Images for Analysis,C:\Users\ajdav\OneDrive - University of Cambridge\3rd Year (II)\6. Research Project\EXP5 - forward transfection repeat 3\150224 Images for Analysis,2.8594949909020215,2.571618229150772,3.0371252726763487,113.19406659365632,101.44815773447044,117.96846248628572,0.003906309604644775,0.0034943160135298967,0.004043641034513712,0.00015259021893143654,0.00013733119703829288,0.00015259021893143654,0.5513191141651796,0.25076179804701004,1.1695737616495552,0.005035477224737406,0.00508125452324748,0.00634775310754776,0.005188067443668842,0.00555428396910429,0.00634775310754776,0.004108469814514399,0.003694853777515477,0.00436368573660395,0.004050746728945617,0.0036304093091350715,0.004221602579669543,0.004043641034513712,0.0036316472105681896,0.0041962312534451485,0.003387502860277891,0.0030975814443081617,0.0036316472105681896,0.003265430685132742,0.002868696115911007,0.00334172579459846,0.00024972196506015516,0.0002315582842440289,0.00043702828125652133,0.00021823693585167425,0.00020406786873323213,0.00027919010310508357,0.0041962312534451485,0.003753719385713339,0.004364080261439085,1105.7252132609112,1106.042725550446,1105.1943127160225,656.1426408978493,656.3870525508802,655.789940623064,0.0,0.0,0.0,1106.2624892642427,656.2662825651303,1179.0,1182.0,1025.0,654.0,651.0,622.0,0.0,0.0,0.0,1
7,1,0,nan,monochrome,file:///C:/Users/ajdav/OneDrive%20-%20University%20of%20Cambridge/3rd%20Year%20%28II%29/6.%20Research%20Project/EXP5%20-%20forward%20transfection%20repeat%203/150224%20Images%20for%20Analysis/20-2_2_MMStack_Default.ome.tif,nan,nan,0,nan,1,4,1344,1100,1,nan,nan,0,20-2_2_MMStack_Default.ome.tif,20-2_2_MMStack_Default.ome.tif,20-2_2_MMStack_Default.ome.tif,20-2_2_MMStack_Default.ome.tif,C:\Users\ajdav\OneDrive - University of Cambridge\3rd Year (II)\6. Research Project\EXP5 - forward transfection repeat 3\150224 Images for Analysis,C:\Users\ajdav\OneDrive - University of Cambridge\3rd Year (II)\6. Research Project\EXP5 - forward transfection repeat 3\150224 Images for Analysis,C:\Users\ajdav\OneDrive - University of Cambridge\3rd Year (II)\6. Research Project\EXP5 - forward transfection repeat 3\150224 Images for Analysis,C:\Users\ajdav\OneDrive - University of Cambridge\3rd Year (II)\6. Research Project\EXP5 - forward transfection repeat 3\150224 Images for Analysis,2.7468834053725004,2.347753108944744,3.069199737161398,126.54450552468188,108.44161136867478,136.32013777224347,0.003875791560858488,0.003311207750812173,0.004135195165872574,0.00013733142986893654,0.00013733119703829288,0.00016784947365522385,0.8711238384486881,0.644041701452504,2.569082704396119,0.004791332874447107,0.003997863736003637,0.007644770201295614,0.005477989092469215,0.0061036087572574615,0.0077668423764407635,0.004045483660342416,0.0034576628997713458,0.004520176343389393,0.004026873684158532,0.0034508070443492376,0.004337951878193905,0.004028381779789925,0.0034485389478504658,0.00430304417386651,0.003402761882171035,0.0029297322034835815,0.003402761882171035,0.00317387655377388,0.002685587853193283,0.003356984816491604,0.00022372826743815316,0.00018867484256270895,0.0007154955030849033,0.00021507217908985234,0.00020032056303017474,0.00036030504015709564,0.004165713209658861,0.0035858701448887587,0.004470893647521734,1199.305913316684,1199.6358880492908,1197.8874546298587,366.2306520650552,366.33587431797747,367.18646826278643,0.0,0.0,0.0,1200.1133174224344,365.9036117740652,1187.0,1187.0,1113.0,422.0,422.0,454.0,0.0,0.0,0.0,1
8,1,0,nan,monochrome,file:///C:/Users/ajdav/OneDrive%20-%20University%20of%20Cambridge/3rd%20Year%20%28II%29/6.%20Research%20Project/EXP5%20-%20forward%20transfection%20repeat%203/150224%20Images%20for%20Analysis/20-2_3_MMStack_Default.ome.tif,nan,nan,0,nan,1,4,1344,1100,1,nan,nan,0,20-2_3_MMStack_Default.ome.tif,20-2_3_MMStack_Default.ome.tif,20-2_3_MMStack_Default.ome.tif,20-2_3_MMStack_Default.ome.tif,C:\Users\ajdav\OneDrive - University of Cambridge\3rd Year (II)\6. Research Project\EXP5 - forward transfection repeat 3\150224 Images for Analysis,C:\Users\ajdav\OneDrive - University of Cambridge\3rd Year (II)\6. Research Project\EXP5 - forward transfection repeat 3\150224 Images for Analysis,C:\Users\ajdav\OneDrive - University of Cambridge\3rd Year (II)\6. Research Project\EXP5 - forward transfection repeat 3\150224 Images for Analysis,C:\Users\ajdav\OneDrive - University of Cambridge\3rd Year (II)\6. Research Project\EXP5 - forward transfection repeat 3\150224 Images for Analysis,3.342305679572746,2.871168077457696,3.7625849451869726,129.31087331008166,112.14175634412095,141.26920221978799,0.003662165254354477,0.00317387655377388,0.003830014495179057,0.00015259021893143654,0.00013733119703829288,0.0002441445831209421,1.0154658406043975,0.9854932226393293,3.5685307629959104,0.004547188524156809,0.003906309604644775,0.006439307238906622,0.005477989092469215,0.005828946363180876,0.006775005720555782,0.0038417306661755702,0.0033001931924801107,0.004324810281824107,0.0038175205417318118,0.0033106532147763987,0.0041705547846304725,0.00379949645139277,0.0032959487289190292,0.004043641034513712,0.0032349126413464546,0.0026550698094069958,0.003128099488094449,0.002990768291056156,0.0025787746999412775,0.0029297322034835815,0.00022628717414872076,0.00019510015469743046,0.0006447643603931165,0.00023312275060328658,0.00023754787586935912,0.0005081653055358204,0.00395208690315485,0.003433279925957322,0.004364080261439085,105.35282823588841,105.26968562322365,105.63323293500156,102.89622409515947,102.98433218993814,105.81851801804083,0.0,0.0,0.0,104.43763469429929,102.45623357836625,182.0,182.0,181.0,95.0,95.0,97.0,0.0,0.0,0.0,1
9,1,0,nan,monochrome,file:///C:/Users/ajdav/OneDrive%20-%20University%20of%20Cambridge/3rd%20Year%20%28II%29/6.%20Research%20Project/EXP5%20-%20forward%20transfection%20repeat%203/150224%20Images%20for%20Analysis/20-2_4_MMStack_Default.ome.tif,nan,nan,0,nan,1,4,1344,1100,1,nan,nan,0,20-2_4_MMStack_Default.ome.tif,20-2_4_MMStack_Default.ome.tif,20-2_4_MMStack_Default.ome.tif,20-2_4_MMStack_Default.ome.tif,C:\Users\ajdav\OneDrive - University of Cambridge\3rd Year (II)\6. Research Project\EXP5 - forward transfection repeat 3\150224 Images for Analysis,C:\Users\ajdav\OneDrive - University of Cambridge\3rd Year (II)\6. Research Project\EXP5 - forward transfection repeat 3\150224 Images for Analysis,C:\Users\ajdav\OneDrive - University of Cambridge\3rd Year (II)\6. Research Project\EXP5 - forward transfection repeat 3\150224 Images for Analysis,C:\Users\ajdav\OneDrive - University of Cambridge\3rd Year (II)\6. Research Project\EXP5 - forward transfection repeat 3\150224 Images for Analysis,3.77299157041125,3.39247731002979,4.938658817205578,178.6581685943529,160.67473872192204,214.0663044725079,0.003570611122995615,0.003219653619453311,0.003906309604644775,0.00015259021893143654,0.00013733119703829288,0.0002594033721834421,1.2856953572772347,2.721927114029224,9.354519265347603,0.006927595939487219,0.01028458122164011,0.015320057980716228,0.006927595939487219,0.01028458122164011,0.015320057980716228,0.003889682031351804,0.003497399288690505,0.0050914008424799775,0.003744198352635445,0.0033673136625434245,0.0044862583718775235,0.0037232013419270515,0.003356984816491604,0.0041199359111487865,0.0030670634005218744,0.0028381780721247196,0.0032501716632395983,0.002914473181590438,0.0024414435029029846,0.0031891355756670237,0.00043902771048026716,0.0006026433542984035,0.002376816660673783,0.0002724333581237365,0.00026614012677915146,0.001217031318695788,0.0038910505827516317,0.0034943160135298967,0.004486152436584234,236.94252106050394,238.7139337959073,228.8838083551556,103.73587397152046,102.76361436351391,108.94675221868596,0.0,0.0,0.0,235.99400620336993,102.86792690082991,411.0,411.0,179.0,118.0,118.0,174.0,0.0,0.0,0.0,1
10,1,0,nan,monochrome,file:///C:/Users/ajdav/OneDrive%20-%20University%20of%20Cambridge/3rd%20Year%20%28II%29/6.%20Research%20Project/EXP5%20-%20forward%20transfection%20repeat%203/150224%20Images%20for%20Analysis/20-2_5_MMStack_Default.ome.tif,nan,nan,0,nan,1,4,1344,1100,1,nan,nan,0,20-2_5_MMStack_Default.ome.tif,20-2_5_MMStack_Default.ome.tif,20-2_5_MMStack_Default.ome.tif,20-2_5_MMStack_Default.ome.tif,C:\Users\ajdav\OneDrive - University of Cambridge\3rd Year (II)\6. Research Project\EXP5 - forward transfection repeat 3\150224 Images for Analysis,C:\Users\ajdav\OneDrive - University of Cambridge\3rd Year (II)\6. Research Project\EXP5 - forward transfection repeat 3\150224 Images for Analysis,C:\Users\ajdav\OneDrive - University of Cambridge\3rd Year (II)\6. Research Project\EXP5 - forward transfection repeat 3\150224 Images for Analysis,C:\Users\ajdav\OneDrive - University of Cambridge\3rd Year (II)\6. Research Project\EXP5 - forward transfection repeat 3\150224 Images for Analysis,2.7797208179254085,2.3917143531143665,3.0733654552605003,125.32595027959906,108.94349588872865,133.69621142512187,0.003830014495179057,0.003311207750812173,0.004058899823576212,0.0001525904517620802,0.00015259021893143654,0.00016784947365522385,1.0125722096181575,1.3178726819512507,1.2287307152370173,0.0048981462605297565,0.004058899823576212,0.005935759749263525,0.0048981462605297565,0.004333562217652798,0.005935759749263525,0.004034427892489707,0.0034712835313706336,0.004460617496749638,0.003982520902462711,0.003461930658385352,0.004248505240875842,0.003982604946941137,0.0034485389478504658,0.004226749297231436,0.0034485389478504658,0.002822919050231576,0.0036011291667819023,0.0031891355756670237,0.0026703288313001394,0.0032501716632395983,0.00023549578545501118,0.00021130746675821887,0.00035031588546548096,0.0002216444827054049,0.0002076871713436923,0.000281623588834232,0.004135195165872574,0.0036011291667819023,0.00440985755994916,1040.0890356049288,1039.8540564742038,1040.2221112362388,105.63905059637385,105.8598954956875,105.915054522828,0.0,0.0,0.0,1040.520957132416,104.72321967650704,969.0,982.0,956.0,165.0,152.0,65.0,0.0,0.0,0.0,1
11,1,0,nan,monochrome,file:///C:/Users/ajdav/OneDrive%20-%20University%20of%20Cambridge/3rd%20Year%20%28II%29/6.%20Research%20Project/EXP5%20-%20forward%20transfection%20repeat%203/150224%20Images%20for%20Analysis/40-1_1_MMStack_Default.ome.tif,nan,nan,0,nan,1,4,1344,1100,1,nan,nan,0,40-1_1_MMStack_Default.ome.tif,40-1_1_MMStack_Default.ome.tif,40-1_1_MMStack_Default.ome.tif,40-1_1_MMStack_Default.ome.tif,C:\Users\ajdav\OneDrive - University of Cambridge\3rd Year (II)\6. Research Project\EXP5 - forward transfection repeat 3\150224 Images for Analysis,C:\Users\ajdav\OneDrive - University of Cambridge\3rd Year (II)\6. Research Project\EXP5 - forward transfection repeat 3\150224 Images for Analysis,C:\Users\ajdav\OneDrive - University of Cambridge\3rd Year (II)\6. Research Project\EXP5 - forward transfection repeat 3\150224 Images for Analysis,C:\Users\ajdav\OneDrive - University of Cambridge\3rd Year (II)\6. Research Project\EXP5 - forward transfection repeat 3\150224 Images for Analysis,3.6149539209436625,2.9522697788197547,3.6987717282027006,164.72051921440288,136.1996337592136,167.8831501789391,0.0038910505827516317,0.003219653619453311,0.00395208690315485,0.00015259021893143654,0.00012207217514514923,0.00015259021893143654,0.7662709933772347,0.48600601004820637,1.6650057361308055,0.005188067443668842,0.003906309604644775,0.0057831695303320885,0.005188067443668842,0.004165713209658861,0.0057831695303320885,0.004098587211954266,0.0033472446471879305,0.0041936187394588445,0.004048380830082651,0.003347415300806469,0.004126109668180769,0.004043641034513712,0.00334172579459846,0.0041046771220862865,0.0031433585099875927,0.0028381780721247196,0.003311207750812173,0.0030670634005218744,0.002639810787513852,0.003265430685132742,0.0002516233995837529,0.0001939651220360952,0.0003543370960236785,0.00022291414420177045,0.00018671931222643659,0.0002620434624006091,0.0041962312534451485,0.003479056991636753,0.004272526130080223,84.55737781923568,84.39826311147253,84.81965793154725,658.6885910256948,658.9195249104042,657.8032259586637,0.0,0.0,0.0,84.10492036964216,659.3070192685805,150.0,102.0,115.0,651.0,582.0,485.0,0.0,0.0,0.0,1
12,1,0,nan,monochrome,file:///C:/Users/ajdav/OneDrive%20-%20University%20of%20Cambridge/3rd%20Year%20%28II%29/6.%20Research%20Project/EXP5%20-%20forward%20transfection%20repeat%203/150224%20Images%20for%20Analysis/40-1_2_MMStack_Default.ome.tif,nan,nan,0,nan,1,4,1344,1100,1,nan,nan,0,40-1_2_MMStack_Default.ome.tif,40-1_2_MMStack_Default.ome.tif,40-1_2_MMStack_Default.ome.tif,40-1_2_MMStack_Default.ome.tif,C:\Users\ajdav\OneDrive - University of Cambridge\3rd Year (II)\6. Research Project\EXP5 - forward transfection repeat 3\150224 Images for Analysis,C:\Users\ajdav\OneDrive - University of Cambridge\3rd Year (II)\6. Research Project\EXP5 - forward transfection repeat 3\150224 Images for Analysis,C:\Users\ajdav\OneDrive - University of Cambridge\3rd Year (II)\6. Research Project\EXP5 - forward transfection repeat 3\150224 Images for Analysis,C:\Users\ajdav\OneDrive - University of Cambridge\3rd Year (II)\6. Research Project\EXP5 - forward transfection repeat 3\150224 Images for Analysis,3.7487144987098873,3.33713283482939,4.235111112939194,194.81199719756842,173.8269476206042,212.63011145358905,0.003830014495179057,0.0034180209040641785,0.004165713209658861,0.00015259021893143654,0.00013733119703829288,0.00016784947365522385,0.9502849028798961,1.4018834511424125,0.8284706493805497,0.004776074085384607,0.004257267341017723,0.005905241705477238,0.0049134050495922565,0.004455634392797947,0.005905241705477238,0.004017914789614027,0.003576776886205134,0.00453924020679442,0.003986167891585538,0.003556779907116635,0.004350755267915965,0.003982604946941137,0.0035553521011024714,0.004333562217652798,0.0032501716632395983,0.0030060273129493,0.0036774242762476206,0.0031128404662013054,0.0027924010064452887,0.0034180209040641785,0.0002280836588526515,0.0002053302819784736,0.0003912520778022138,0.00021184870041664278,0.00019613352002584,0.0002744602059766996,0.004135195165872574,0.0036926832981407642,0.0045166704803705215,1121.0763494168716,1120.8519118921236,1120.9814148957155,659.9189233720812,659.5033334602006,660.6941733162661,0.0,0.0,0.0,1121.795445244721,660.5401661483057,1093.0,1009.0,1100.0,746.0,575.0,763.0,0.0,0.0,0.0,1
13,1,0,nan,monochrome,file:///C:/Users/ajdav/OneDrive%20-%20University%20of%20Cambridge/3rd%20Year%20%28II%29/6.%20Research%20Project/EXP5%20-%20forward%20transfection%20repeat%203/150224%20Images%20for%20Analysis/40-1_3_MMStack_Default.ome.tif,nan,nan,0,nan,1,4,1344,1100,1,nan,nan,0,40-1_3_MMStack_Default.ome.tif,40-1_3_MMStack_Default.ome.tif,40-1_3_MMStack_Default.ome.tif,40-1_3_MMStack_Default.ome.tif,C:\Users\ajdav\OneDrive - University of Cambridge\3rd Year (II)\6. Research Project\EXP5 - forward transfection repeat 3\150224 Images for Analysis,C:\Users\ajdav\OneDrive - University of Cambridge\3rd Year (II)\6. Research Project\EXP5 - forward transfection repeat 3\150224 Images for Analysis,C:\Users\ajdav\OneDrive - University of Cambridge\3rd Year (II)\6. Research Project\EXP5 - forward transfection repeat 3\150224 Images for Analysis,C:\Users\ajdav\OneDrive - University of Cambridge\3rd Year (II)\6. Research Project\EXP5 - forward transfection repeat 3\150224 Images for Analysis,3.4502021980006248,3.122636759188026,3.671503839548677,246.1016871132888,224.24473942024633,262.7305909493007,0.0035553521011024714,0.0032349126413464546,0.003784237429499626,0.00012207217514514923,0.00012207217514514923,0.00015259021893143654,1.1624991703590597,1.2117401495845965,1.0379358471821212,0.004486152436584234,0.003982604946941137,0.004577706567943096,0.004623483866453171,0.0042114900425076485,0.004806592129170895,0.003701933688841872,0.0033504686257382257,0.003939381802090855,0.0036896804664660987,0.0033619900962555673,0.003938989369554733,0.0036926832981407642,0.003356984816491604,0.003936827648431063,0.0029755092691630125,0.0027466239407658577,0.0033264667727053165,0.0028381780721247196,0.002685587853193283,0.003128099488094449,0.00020840073831089007,0.00020230420478587537,0.0002158935254772079,0.00020003309700439983,0.00018696467398441566,0.00020873000608066152,0.0038147554732859135,0.003479056991636753,0.004074159078299999,1164.184765470575,1164.1043676872125,1164.3389004823518,931.3654829879988,931.4082456021922,931.3581085178719,0.0,0.0,0.0,1165.1798950524737,931.9664167916042,1036.0,1136.0,1299.0,919.0,1026.0,857.0,0.0,0.0,0.0,1
14,1,0,nan,monochrome,file:///C:/Users/ajdav/OneDrive%20-%20University%20of%20Cambridge/3rd%20Year%20%28II%29/6.%20Research%20Project/EXP5%20-%20forward%20transfection%20repeat%203/150224%20Images%20for%20Analysis/40-1_4_MMStack_Default.ome.tif,nan,nan,0,nan,1,4,1344,1100,1,nan,nan,0,40-1_4_MMStack_Default.ome.tif,40-1_4_MMStack_Default.ome.tif,40-1_4_MMStack_Default.ome.tif,40-1_4_MMStack_Default.ome.tif,C:\Users\ajdav\OneDrive - University of Cambridge\3rd Year (II)\6. Research Project\EXP5 - forward transfection repeat 3\150224 Images for Analysis,C:\Users\ajdav\OneDrive - University of Cambridge\3rd Year (II)\6. Research Project\EXP5 - forward transfection repeat 3\150224 Images for Analysis,C:\Users\ajdav\OneDrive - University of Cambridge\3rd Year (II)\6. Research Project\EXP5 - forward transfection repeat 3\150224 Images for Analysis,C:\Users\ajdav\OneDrive - University of Cambridge\3rd Year (II)\6. Research Project\EXP5 - forward transfection repeat 3\150224 Images for Analysis,4.050766802858561,3.7140764510259032,4.363363183569163,310.21669584093615,285.0327612045221,332.0715869010892,0.0036469062324613333,0.00334172579459846,0.0038910505827516317,0.00013733119703829288,0.00013733119703829288,0.00015259021893143654,1.8622011629777169,1.4995761992305878,1.2470325183160391,0.004577706567943096,0.0041046771220862865,0.004928664304316044,0.004776074085384607,0.004348821472376585,0.005157549399882555,0.0037964075003360464,0.0034808589044291504,0.004089375054891437,0.0037812859073736733,0.0034743144954232337,0.004047679021222442,0.0037689784076064825,0.0034637979697436094,0.004043641034513712,0.0032043945975601673,0.0028534370940178633,0.0032959487289190292,0.0028076600283384323,0.0027008468750864267,0.0032043945975601673,0.0002398686544745821,0.00020905064038293498,0.00026603007745758445,0.00021294191284380108,0.00019472013236883858,0.00022145045772009147,0.003921568859368563,0.003616388188675046,0.0041962312534451485,1170.571599168435,1170.809865710319,1170.99456134034,725.5285417579405,725.8451608282269,726.9720227159377,0.0,0.0,0.0,1172.1533642125792,726.5112993661628,1092.0,1036.0,1091.0,815.0,615.0,820.0,0.0,0.0,0.0,1
15,1,0,nan,monochrome,file:///C:/Users/ajdav/OneDrive%20-%20University%20of%20Cambridge/3rd%20Year%20%28II%29/6.%20Research%20Project/EXP5%20-%20forward%20transfection%20repeat%203/150224%20Images%20for%20Analysis/40-1_5_MMStack_Default.ome.tif,nan,nan,0,nan,1,4,1344,1100,1,nan,nan,0,40-1_5_MMStack_Default.ome.tif,40-1_5_MMStack_Default.ome.tif,40-1_5_MMStack_Default.ome.tif,40-1_5_MMStack_Default.ome.tif,C:\Users\ajdav\OneDrive - University of Cambridge\3rd Year (II)\6. Research Project\EXP5 - forward transfection repeat 3\150224 Images for Analysis,C:\Users\ajdav\OneDrive - University of Cambridge\3rd Year (II)\6. Research Project\EXP5 - forward transfection repeat 3\150224 Images for Analysis,C:\Users\ajdav\OneDrive - University of Cambridge\3rd Year (II)\6. Research Project\EXP5 - forward transfection repeat 3\150224 Images for Analysis,C:\Users\ajdav\OneDrive - University of Cambridge\3rd Year (II)\6. Research Project\EXP5 - forward transfection repeat 3\150224 Images for Analysis,3.2950485309120268,2.7869535393547267,4.17630282510072,156.8836690899916,133.72074481309392,185.13367333775386,0.004043641034513712,0.0034485389478504658,0.004562447778880596,0.00015259021893143654,0.00013733119703829288,0.00028992118313908577,0.9559356238255096,1.059815316981164,2.810226838886153,0.0050049591809511185,0.004272526130080223,0.007034409325569868,0.005279621575027704,0.004577706567943096,0.007400625851005316,0.0042461965604536425,0.0035914349733952664,0.005381833537500927,0.004197219463052908,0.0035775254110196886,0.0049530117539128326,0.0041962312534451485,0.0035858701448887587,0.004791332874447107,0.003616388188675046,0.0029755092691630125,0.003784237429499626,0.0033722438383847475,0.0027161058969795704,0.003570611122995615,0.0002188454498680139,0.00019651921826792357,0.0007118828505413276,0.0002283637667510417,0.00019543618470231635,0.0005687095275171247,0.004348821472376585,0.003707942320033908,0.00520332669839263,1115.6477890244928,1115.4145146918343,1116.2909139591286,692.0854818542714,692.4336825585659,689.7787201832449,0.0,0.0,0.0,1116.463668468083,692.5836320830435,1138.0,1005.0,1071.0,639.0,634.0,624.0,0.0,0.0,0.0,1
16,1,0,nan,monochrome,file:///C:/Users/ajdav/OneDrive%20-%20University%20of%20Cambridge/3rd%20Year%20%28II%29/6.%20Research%20Project/EXP5%20-%20forward%20transfection%20repeat%203/150224%20Images%20for%20Analysis/40-2_1_MMStack_Default.ome.tif,nan,nan,0,nan,1,4,1344,1100,1,nan,nan,0,40-2_1_MMStack_Default.ome.tif,40-2_1_MMStack_Default.ome.tif,40-2_1_MMStack_Default.ome.tif,40-2_1_MMStack_Default.ome.tif,C:\Users\ajdav\OneDrive - University of Cambridge\3rd Year (II)\6. Research Project\EXP5 - forward transfection repeat 3\150224 Images for Analysis,C:\Users\ajdav\OneDrive - University of Cambridge\3rd Year (II)\6. Research Project\EXP5 - forward transfection repeat 3\150224 Images for Analysis,C:\Users\ajdav\OneDrive - University of Cambridge\3rd Year (II)\6. Research Project\EXP5 - forward transfection repeat 3\150224 Images for Analysis,C:\Users\ajdav\OneDrive - University of Cambridge\3rd Year (II)\6. Research Project\EXP5 - forward transfection repeat 3\150224 Images for Analysis,3.559746741084382,3.169008926488459,3.875440697418526,235.1011695426423,210.14969099476002,252.8479189116042,0.0036469062324613333,0.003265430685132742,0.003936827648431063,0.00015259021893143654,0.00013733119703829288,0.00015259021893143654,2.1476193204377343,1.5406716710955919,0.11008778266739587,0.004638742655515671,0.004043641034513712,0.005127031356096268,0.004943923093378544,0.0042114900425076485,0.0052948808297514915,0.0038318048881424995,0.0034112044418605587,0.004171626154379468,0.0038020112805265916,0.0033985007276466786,0.0040890083270522706,0.003784237429499626,0.003387502860277891,0.004074159078299999,0.0032501716632395983,0.0028381780721247196,0.0034485389478504658,0.002960250247269869,0.002639810787513852,0.003219653619453311,0.00025305379005484754,0.00020815084239154965,0.0002746608240590672,0.0002213511631284194,0.00019175773387462852,0.00023480535944649895,0.00395208690315485,0.003524834057316184,0.004242008086293936,1177.7998989729751,1178.3321977680146,1179.7109247365022,973.3802695080788,973.6742586425586,974.2114722179418,0.0,0.0,0.0,1179.7311598421632,974.3196843262824,1026.0,1030.0,1336.0,912.0,909.0,1039.0,0.0,0.0,0.0,1
17,1,0,nan,monochrome,file:///C:/Users/ajdav/OneDrive%20-%20University%20of%20Cambridge/3rd%20Year%20%28II%29/6.%20Research%20Project/EXP5%20-%20forward%20transfection%20repeat%203/150224%20Images%20for%20Analysis/40-2_2_MMStack_Default.ome.tif,nan,nan,0,nan,1,4,1344,1100,1,nan,nan,0,40-2_2_MMStack_Default.ome.tif,40-2_2_MMStack_Default.ome.tif,40-2_2_MMStack_Default.ome.tif,40-2_2_MMStack_Default.ome.tif,C:\Users\ajdav\OneDrive - University of Cambridge\3rd Year (II)\6. Research Project\EXP5 - forward transfection repeat 3\150224 Images for Analysis,C:\Users\ajdav\OneDrive - University of Cambridge\3rd Year (II)\6. Research Project\EXP5 - forward transfection repeat 3\150224 Images for Analysis,C:\Users\ajdav\OneDrive - University of Cambridge\3rd Year (II)\6. Research Project\EXP5 - forward transfection repeat 3\150224 Images for Analysis,C:\Users\ajdav\OneDrive - University of Cambridge\3rd Year (II)\6. Research Project\EXP5 - forward transfection repeat 3\150224 Images for Analysis,4.0521401525475085,3.633722445461899,4.527748646913096,139.4922738603782,125.13089207420126,151.71131843538024,0.0038452735170722008,0.0034485389478504658,0.004135195165872574,0.00015259021893143654,0.00013733119703829288,0.00018310826271772385,0.6632343868885623,0.7196324836733261,2.3506286178941656,0.004867628216743469,0.004379339516162872,0.006454566493630409,0.005172808654606342,0.00440985755994916,0.006454566493630409,0.004023972346124636,0.003608463203040615,0.004496274723846173,0.00399428095697329,0.0035830510573032458,0.004344166263934377,0.003997863736003637,0.0035858701448887587,0.00430304417386651,0.0032806897070258856,0.002990768291056156,0.003570611122995615,0.003036545356735587,0.002822919050231576,0.0034180209040641785,0.0002290367993523352,0.00021156388400131158,0.0004375047583283226,0.00022135051716288683,0.00019934421068834904,0.0003250682299286352,0.004135195165872574,0.003707942320033908,0.004486152436584234,256.6959674177538,256.8626227628598,257.53229322521287,507.7937482341417,508.0494623737676,506.2720974738135,0.0,0.0,0.0,256.1542822781548,508.1764453225668,337.0,326.0,352.0,395.0,451.0,356.0,0.0,0.0,0.0,1
18,1,0,nan,monochrome,file:///C:/Users/ajdav/OneDrive%20-%20University%20of%20Cambridge/3rd%20Year%20%28II%29/6.%20Research%20Project/EXP5%20-%20forward%20transfection%20repeat%203/150224%20Images%20for%20Analysis/40-2_3_MMStack_Default.ome.tif,nan,nan,0,nan,1,4,1344,1100,1,nan,nan,0,40-2_3_MMStack_Default.ome.tif,40-2_3_MMStack_Default.ome.tif,40-2_3_MMStack_Default.ome.tif,40-2_3_MMStack_Default.ome.tif,C:\Users\ajdav\OneDrive - University of Cambridge\3rd Year (II)\6. Research Project\EXP5 - forward transfection repeat 3\150224 Images for Analysis,C:\Users\ajdav\OneDrive - University of Cambridge\3rd Year (II)\6. Research Project\EXP5 - forward transfection repeat 3\150224 Images for Analysis,C:\Users\ajdav\OneDrive - University of Cambridge\3rd Year (II)\6. Research Project\EXP5 - forward transfection repeat 3\150224 Images for Analysis,C:\Users\ajdav\OneDrive - University of Cambridge\3rd Year (II)\6. Research Project\EXP5 - forward transfection repeat 3\150224 Images for Analysis,2.9354391251690686,2.685389497084543,3.238559617428109,145.35631547914818,133.68104092567228,154.095066963695,0.003753719385713339,0.0034637979697436094,0.003906309604644775,0.00015259021893143654,0.00013733119703829288,0.00018310826271772385,1.1804981644559136,0.6285008638744308,3.5527822118927297,0.0048981462605297565,0.004531929735094309,0.007751583121716976,0.005264362785965204,0.004791332874447107,0.007751583121716976,0.00397755979020199,0.0036387391559411153,0.004388292164536733,0.003908898926454799,0.0035949292993511612,0.004143900042050637,0.0038910505827516317,0.0035858701448887587,0.004089417867362499,0.0032501716632395983,0.0028534370940178633,0.003387502860277891,0.0030212863348424435,0.0027924010064452887,0.0032349126413464546,0.00027653718890233565,0.000248577666485564,0.0007835524003957966,0.00023291704202958505,0.0002071681810284237,0.00038825378826496683,0.004058899823576212,0.0037232013419270515,0.004272526130080223,117.03863275223995,117.23481947700442,116.75779437773951,785.9526919610317,787.0389840381155,783.5016722715992,0.0,0.0,0.0,116.60643790673909,787.0512289571344,132.0,144.0,119.0,648.0,655.0,644.0,0.0,0.0,0.0,1
19,1,0,nan,monochrome,file:///C:/Users/ajdav/OneDrive%20-%20University%20of%20Cambridge/3rd%20Year%20%28II%29/6.%20Research%20Project/EXP5%20-%20forward%20transfection%20repeat%203/150224%20Images%20for%20Analysis/40-2_4_MMStack_Default.ome.tif,nan,nan,0,nan,1,4,1344,1100,1,nan,nan,0,40-2_4_MMStack_Default.ome.tif,40-2_4_MMStack_Default.ome.tif,40-2_4_MMStack_Default.ome.tif,40-2_4_MMStack_Default.ome.tif,C:\Users\ajdav\OneDrive - University of Cambridge\3rd Year (II)\6. Research Project\EXP5 - forward transfection repeat 3\150224 Images for Analysis,C:\Users\ajdav\OneDrive - University of Cambridge\3rd Year (II)\6. Research Project\EXP5 - forward transfection repeat 3\150224 Images for Analysis,C:\Users\ajdav\OneDrive - University of Cambridge\3rd Year (II)\6. Research Project\EXP5 - forward transfection repeat 3\150224 Images for Analysis,C:\Users\ajdav\OneDrive - University of Cambridge\3rd Year (II)\6. Research Project\EXP5 - forward transfection repeat 3\150224 Images for Analysis,4.1037766258232296,3.787640194175765,4.39819950168021,214.6786761772819,197.46378270559944,229.09456341294572,0.003524834057316184,0.0032349126413464546,0.003753719385713339,0.00012207217514514923,0.00012207217514514923,0.00013733119703829288,1.1873048302209512,1.7971333673280354,1.693469488367044,0.004669260699301958,0.005157549399882555,0.0053101396188139915,0.00476081483066082,0.0052948808297514915,0.0057831695303320885,0.0036838210285666333,0.003400036080947724,0.003948114453931966,0.003656594722828852,0.0033633756209436117,0.003902138705722121,0.003662165254354477,0.003356984816491604,0.0038910505827516317,0.0030670634005218744,0.0027161058969795704,0.0033264667727053165,0.002914473181590438,0.0026550698094069958,0.0030670634005218744,0.00021584807609106423,0.00025162894677583205,0.00024075318569920568,0.00019803317213071495,0.00019696168538818645,0.00021439239902549203,0.003784237429499626,0.003479056991636753,0.004043641034513712,1256.0341650187415,1256.0760884046256,1256.1261902595922,240.7696594601552,241.40161817800015,241.30415611128188,0.0,0.0,0.0,1256.3528530063022,239.62592403338442,1277.0,1232.0,1277.0,59.0,437.0,57.0,0.0,0.0,0.0,1
20,1,0,nan,monochrome,file:///C:/Users/ajdav/OneDrive%20-%20University%20of%20Cambridge/3rd%20Year%20%28II%29/6.%20Research%20Project/EXP5%20-%20forward%20transfection%20repeat%203/150224%20Images%20for%20Analysis/40-2_5_MMStack_Default.ome.tif,nan,nan,0,nan,1,4,1344,1100,1,nan,nan,0,40-2_5_MMStack_Default.ome.tif,40-2_5_MMStack_Default.ome.tif,40-2_5_MMStack_Default.ome.tif,40-2_5_MMStack_Default.ome.tif,C:\Users\ajdav\OneDrive - University of Cambridge\3rd Year (II)\6. Research Project\EXP5 - forward transfection repeat 3\150224 Images for Analysis,C:\Users\ajdav\OneDrive - University of Cambridge\3rd Year (II)\6. Research Project\EXP5 - forward transfection repeat 3\150224 Images for Analysis,C:\Users\ajdav\OneDrive - University of Cambridge\3rd Year (II)\6. Research Project\EXP5 - forward transfection repeat 3\150224 Images for Analysis,C:\Users\ajdav\OneDrive - University of Cambridge\3rd Year (II)\6. Research Project\EXP5 - forward transfection repeat 3\150224 Images for Analysis,4.383932286640629,4.117647063918412,4.643839265452698,227.0470149202738,213.81297041568905,240.5886062993668,0.0036469062324613333,0.003433279925957322,0.003875791560858488,0.00013733119703829288,0.00013733119703829288,0.00013733142986893654,0.42180035209968336,0.4706670787517658,0.28387909256230337,0.0045929658226668835,0.004242008086293936,0.004684519954025745,0.004715037997812033,0.004455634392797947,0.004928664304316044,0.003795612369385826,0.003565062393002954,0.004020640056669003,0.0037875888718037166,0.003566819091094988,0.004013489136698086,0.003784237429499626,0.003570611122995615,0.004013122990727425,0.003128099488094449,0.0028992141596972942,0.0032349126413464546,0.0029297322034835815,0.002685587853193283,0.0031891355756670237,0.000207319789956177,0.00019708075244876806,0.00021221121032691465,0.00020278572333895674,0.00019482789711796432,0.00020853807487908842,0.003921568859368563,0.0036926832981407642,0.004150453954935074,742.7548244773354,742.9534621618816,743.1028359159137,1028.5116273162319,1028.422461832513,1028.6634874513447,0.0,0.0,0.0,742.9354741846693,1028.892785052965,609.0,802.0,822.0,1021.0,995.0,970.0,0.0,0.0,0.0,1
21,1,0,nan,monochrome,file:///C:/Users/ajdav/OneDrive%20-%20University%20of%20Cambridge/3rd%20Year%20%28II%29/6.%20Research%20Project/EXP5%20-%20forward%20transfection%20repeat%203/150224%20Images%20for%20Analysis/40-3_1_MMStack_Default.ome.tif,nan,nan,0,nan,1,4,1344,1100,1,nan,nan,0,40-3_1_MMStack_Default.ome.tif,40-3_1_MMStack_Default.ome.tif,40-3_1_MMStack_Default.ome.tif,40-3_1_MMStack_Default.ome.tif,C:\Users\ajdav\OneDrive - University of Cambridge\3rd Year (II)\6. Research Project\EXP5 - forward transfection repeat 3\150224 Images for Analysis,C:\Users\ajdav\OneDrive - University of Cambridge\3rd Year (II)\6. Research Project\EXP5 - forward transfection repeat 3\150224 Images for Analysis,C:\Users\ajdav\OneDrive - University of Cambridge\3rd Year (II)\6. Research Project\EXP5 - forward transfection repeat 3\150224 Images for Analysis,C:\Users\ajdav\OneDrive - University of Cambridge\3rd Year (II)\6. Research Project\EXP5 - forward transfection repeat 3\150224 Images for Analysis,3.748790754703805,3.236758982995525,3.870649326359853,251.6853458986152,217.76932931994088,258.7413937682286,0.003662165254354477,0.0031586175318807364,0.003753719385713339,0.00013733119703829288,0.00012207217514514923,0.00013733142986893654,0.6997456066340099,0.8599796418063429,0.6880919126191763,0.004470893647521734,0.0038605325389653444,0.004577706567943096,0.00476081483066082,0.004058899823576212,0.004821850918233395,0.0038058789387855887,0.0032860497289294672,0.003929593224730815,0.0037980494952029697,0.003286240954320263,0.003904528555211924,0.00379949645139277,0.0032806897070258856,0.003906309604644775,0.0030975814443081617,0.002731364918872714,0.00317387655377388,0.002944991225376725,0.00254825665615499,0.003036545356735587,0.00020514789108669248,0.0001914405385931061,0.0002166247927106552,0.0002061867887874135,0.00018654626039780136,0.00021113127816792506,0.003936827648431063,0.003402761882171035,0.004043641034513712,157.25145568698966,157.32643581761957,157.24353704172808,159.55300711426554,159.82592686629377,159.52873590610093,0.0,0.0,0.0,156.5623915372659,159.43121010457693,147.0,215.0,231.0,243.0,169.0,221.0,0.0,0.0,0.0,1
22,1,0,nan,monochrome,file:///C:/Users/ajdav/OneDrive%20-%20University%20of%20Cambridge/3rd%20Year%20%28II%29/6.%20Research%20Project/EXP5%20-%20forward%20transfection%20repeat%203/150224%20Images%20for%20Analysis/40-3_2_MMStack_Default.ome.tif,nan,nan,0,nan,1,4,1344,1100,1,nan,nan,0,40-3_2_MMStack_Default.ome.tif,40-3_2_MMStack_Default.ome.tif,40-3_2_MMStack_Default.ome.tif,40-3_2_MMStack_Default.ome.tif,C:\Users\ajdav\OneDrive - University of Cambridge\3rd Year (II)\6. Research Project\EXP5 - forward transfection repeat 3\150224 Images for Analysis,C:\Users\ajdav\OneDrive - University of Cambridge\3rd Year (II)\6. Research Project\EXP5 - forward transfection repeat 3\150224 Images for Analysis,C:\Users\ajdav\OneDrive - University of Cambridge\3rd Year (II)\6. Research Project\EXP5 - forward transfection repeat 3\150224 Images for Analysis,C:\Users\ajdav\OneDrive - University of Cambridge\3rd Year (II)\6. Research Project\EXP5 - forward transfection repeat 3\150224 Images for Analysis,3.8421912163030356,3.4179140923079103,3.973846085369587,299.6875577396713,266.2469367040321,309.5048479968682,0.003570611122995615,0.00317387655377388,0.0036774242762476206,0.00013733119703829288,0.00012207217514514923,0.00013733119703829288,0.9177025848508702,0.995967786974909,0.9656654984358015,0.004455634392797947,0.004257267341017723,0.004531929735094309,0.0046082246117293835,0.004730296786874533,0.005035477224737406,0.0037122620447372326,0.0033023324563361454,0.0038394648167822095,0.0037081324656290143,0.003294360691223996,0.003829605018583108,0.003707942320033908,0.0032959487289190292,0.003830014495179057,0.0030060273129493,0.0025329976342618465,0.0031586175318807364,0.002868696115911007,0.002517738612368703,0.002990768291056156,0.0002096820007007866,0.00021226872073196645,0.00022825695809808663,0.00020341507957959842,0.00018968462011960684,0.0002125755123515525,0.0038452735170722008,0.0034180209040641785,0.00396734569221735,181.79935372254295,181.8077645442628,182.10322998607225,174.02729533579557,174.1125268496086,173.81818858775281,0.0,0.0,0.0,181.33138247194347,173.23787723183904,170.0,156.0,154.0,203.0,8.0,5.0,0.0,0.0,0.0,1
23,1,0,nan,monochrome,file:///C:/Users/ajdav/OneDrive%20-%20University%20of%20Cambridge/3rd%20Year%20%28II%29/6.%20Research%20Project/EXP5%20-%20forward%20transfection%20repeat%203/150224%20Images%20for%20Analysis/40-3_3_MMStack_Default.ome.tif,nan,nan,0,nan,1,4,1344,1100,1,nan,nan,0,40-3_3_MMStack_Default.ome.tif,40-3_3_MMStack_Default.ome.tif,40-3_3_MMStack_Default.ome.tif,40-3_3_MMStack_Default.ome.tif,C:\Users\ajdav\OneDrive - University of Cambridge\3rd Year (II)\6. Research Project\EXP5 - forward transfection repeat 3\150224 Images for Analysis,C:\Users\ajdav\OneDrive - University of Cambridge\3rd Year (II)\6. Research Project\EXP5 - forward transfection repeat 3\150224 Images for Analysis,C:\Users\ajdav\OneDrive - University of Cambridge\3rd Year (II)\6. Research Project\EXP5 - forward transfection repeat 3\150224 Images for Analysis,C:\Users\ajdav\OneDrive - University of Cambridge\3rd Year (II)\6. Research Project\EXP5 - forward transfection repeat 3\150224 Images for Analysis,4.09457546309568,3.528435186482966,4.469520196784288,212.24017899599858,184.25276566087268,228.96007196838036,0.0036469062324613333,0.00317387655377388,0.003906309604644775,0.00015259021893143654,0.00012207217514514923,0.0001983672846108675,2.470294178290295,1.482031823733276,4.102817555757997,0.004577706567943096,0.0038910505827516317,0.005279621575027704,0.004715037997812033,0.004058899823576212,0.005279621575027704,0.0038374652887494657,0.0033068745890187123,0.0041888661638090794,0.00380372377138963,0.0033021392462251817,0.004103374170550564,0.00379949645139277,0.0032959487289190292,0.004089417867362499,0.0032043945975601673,0.0026703288313001394,0.0031586175318807364,0.0028839551378041506,0.00254825665615499,0.003082322422415018,0.00024022970135580813,0.00018978019002422104,0.00034295398896083457,0.00022180078800570956,0.000187499427256714,0.00027760175733355214,0.00395208690315485,0.003433279925957322,0.00428778538480401,198.69884488726578,197.71419051465205,200.33227013371373,105.1702437591179,105.33288433440822,105.15282785477271,0.0,0.0,0.0,196.23237392021218,105.30762751353095,307.0,413.0,339.0,135.0,84.0,138.0,0.0,0.0,0.0,1
24,1,0,nan,monochrome,file:///C:/Users/ajdav/OneDrive%20-%20University%20of%20Cambridge/3rd%20Year%20%28II%29/6.%20Research%20Project/EXP5%20-%20forward%20transfection%20repeat%203/150224%20Images%20for%20Analysis/40-3_4_MMStack_Default.ome.tif,nan,nan,0,nan,1,4,1344,1100,1,nan,nan,0,40-3_4_MMStack_Default.ome.tif,40-3_4_MMStack_Default.ome.tif,40-3_4_MMStack_Default.ome.tif,40-3_4_MMStack_Default.ome.tif,C:\Users\ajdav\OneDrive - University of Cambridge\3rd Year (II)\6. Research Project\EXP5 - forward transfection repeat 3\150224 Images for Analysis,C:\Users\ajdav\OneDrive - University of Cambridge\3rd Year (II)\6. Research Project\EXP5 - forward transfection repeat 3\150224 Images for Analysis,C:\Users\ajdav\OneDrive - University of Cambridge\3rd Year (II)\6. Research Project\EXP5 - forward transfection repeat 3\150224 Images for Analysis,C:\Users\ajdav\OneDrive - University of Cambridge\3rd Year (II)\6. Research Project\EXP5 - forward transfection repeat 3\150224 Images for Analysis,3.8028687317855656,3.4169527736958116,4.733257146785036,197.6411246121861,177.3978789804969,242.21564611257054,0.0036316472105681896,0.0032501716632395983,0.0041199359111487865,0.00013733119703829288,0.00012207217514514923,0.00022888556122779846,1.917241782426294,1.7244122177345056,6.5145471286780445,0.0046082246117293835,0.0041046771220862865,0.0156557559967041,0.004776074085384607,0.004165713209658861,0.0156557559967041,0.0037801876061486737,0.00339657333369365,0.004705026984875781,0.003771129474177834,0.0033848743341887253,0.004621642201006898,0.003753719385713339,0.0033722438383847475,0.004318303428590298,0.0031891355756670237,0.002822919050231576,0.0035400930792093277,0.0030060273129493,0.0027008468750864267,0.0032806897070258856,0.00023584685879614689,0.00020652701326320065,0.001730011481661614,0.00021022491594584417,0.00019170194870707182,0.0011259669557601572,0.003906309604644775,0.0035095750354230404,0.0045929658226668835,1133.9682916636875,1134.1981387782855,1141.588430475857,103.14904212022972,103.19624008220036,105.36404741660583,0.0,0.0,0.0,1135.7572363525348,102.4594821500124,954.0,1012.0,1226.0,178.0,115.0,174.0,0.0,0.0,0.0,1
25,1,0,nan,monochrome,file:///C:/Users/ajdav/OneDrive%20-%20University%20of%20Cambridge/3rd%20Year%20%28II%29/6.%20Research%20Project/EXP5%20-%20forward%20transfection%20repeat%203/150224%20Images%20for%20Analysis/40-3_5_MMStack_Default.ome.tif,nan,nan,0,nan,1,4,1344,1100,1,nan,nan,0,40-3_5_MMStack_Default.ome.tif,40-3_5_MMStack_Default.ome.tif,40-3_5_MMStack_Default.ome.tif,40-3_5_MMStack_Default.ome.tif,C:\Users\ajdav\OneDrive - University of Cambridge\3rd Year (II)\6. Research Project\EXP5 - forward transfection repeat 3\150224 Images for Analysis,C:\Users\ajdav\OneDrive - University of Cambridge\3rd Year (II)\6. Research Project\EXP5 - forward transfection repeat 3\150224 Images for Analysis,C:\Users\ajdav\OneDrive - University of Cambridge\3rd Year (II)\6. Research Project\EXP5 - forward transfection repeat 3\150224 Images for Analysis,C:\Users\ajdav\OneDrive - University of Cambridge\3rd Year (II)\6. Research Project\EXP5 - forward transfection repeat 3\150224 Images for Analysis,4.371435175416991,3.7838101773522794,4.453574509592727,285.7861644553486,247.0593880834058,290.08389956341125,0.003784237429499626,0.003265430685132742,0.0038452735170722008,0.00013733142986893654,0.00012207217514514923,0.00013733142986893654,0.31990654175007843,0.6326193355941659,0.30182553121166433,0.0045166704803705215,0.004058899823576212,0.004669260699301958,0.004837110172957182,0.004150453954935074,0.004882887005805969,0.003913549843703662,0.003387475539258979,0.003987085505454545,0.003925526283005256,0.003393579683022524,0.003984559484126965,0.003921568859368563,0.003387502860277891,0.003982604946941137,0.0033722438383847475,0.0028381780721247196,0.003265430685132742,0.0030518043786287308,0.002685587853193283,0.003082322422415018,0.00019889599041120814,0.0001936125901805233,0.00020580774673832007,0.00020292980529543366,0.00018171016579655213,0.0002043928412948706,0.004058899823576212,0.0035095750354230404,0.0041199359111487865,876.645805945627,876.2430259994139,876.6626219981762,112.57084109893266,112.58102467572714,112.5595705671252,0.0,0.0,0.0,876.8070657399522,112.29455234746298,970.0,835.0,829.0,205.0,148.0,157.0,0.0,0.0,0.0,1
26,1,0,nan,monochrome,file:///C:/Users/ajdav/OneDrive%20-%20University%20of%20Cambridge/3rd%20Year%20%28II%29/6.%20Research%20Project/EXP5%20-%20forward%20transfection%20repeat%203/150224%20Images%20for%20Analysis/GL2i_1_1_MMStack_Default.ome.tif,nan,nan,0,nan,1,4,1344,1100,1,nan,nan,0,GL2i_1_1_MMStack_Default.ome.tif,GL2i_1_1_MMStack_Default.ome.tif,GL2i_1_1_MMStack_Default.ome.tif,GL2i_1_1_MMStack_Default.ome.tif,C:\Users\ajdav\OneDrive - University of Cambridge\3rd Year (II)\6. Research Project\EXP5 - forward transfection repeat 3\150224 Images for Analysis,C:\Users\ajdav\OneDrive - University of Cambridge\3rd Year (II)\6. Research Project\EXP5 - forward transfection repeat 3\150224 Images for Analysis,C:\Users\ajdav\OneDrive - University of Cambridge\3rd Year (II)\6. Research Project\EXP5 - forward transfection repeat 3\150224 Images for Analysis,C:\Users\ajdav\OneDrive - University of Cambridge\3rd Year (II)\6. Research Project\EXP5 - forward transfection repeat 3\150224 Images for Analysis,3.3340353150852025,2.747951475903392,3.3524376931600273,188.3047415202018,155.91885249363258,188.82768346485682,0.0038452735170722008,0.0031891355756670237,0.0038452735170722008,0.00015259021893143654,0.00012207217514514923,0.00015259021893143654,1.450741863893234,1.5276875015297704,1.4361329264617584,0.00476081483066082,0.003921568859368563,0.00474555604159832,0.0049134050495922565,0.0042114900425076485,0.0049897003918886185,0.003992856664772697,0.0032909598513813075,0.004014895440910212,0.003994161449150531,0.0033072192702011368,0.004005253652876377,0.003997863736003637,0.0032959487289190292,0.003997863736003637,0.0032349126413464546,0.0028381780721247196,0.003265430685132742,0.00317387655377388,0.002609292743727565,0.003128099488094449,0.0002149835282578955,0.00018712397009808,0.00022734560122420993,0.0002153925917110045,0.00018653858114862045,0.00021859837971823526,0.004135195165872574,0.003433279925957322,0.004150453954935074,1225.2574093826336,1225.1773995686444,1225.117965864822,318.5920182958084,318.63868617621995,318.5006634884532,0.0,0.0,0.0,1225.8685332484888,317.27627532081874,1222.0,1188.0,1188.0,293.0,392.0,398.0,0.0,0.0,0.0,1
27,1,0,nan,monochrome,file:///C:/Users/ajdav/OneDrive%20-%20University%20of%20Cambridge/3rd%20Year%20%28II%29/6.%20Research%20Project/EXP5%20-%20forward%20transfection%20repeat%203/150224%20Images%20for%20Analysis/GL2i_2_1_MMStack_Default.ome.tif,nan,nan,0,nan,1,4,1344,1100,1,nan,nan,0,GL2i_2_1_MMStack_Default.ome.tif,GL2i_2_1_MMStack_Default.ome.tif,GL2i_2_1_MMStack_Default.ome.tif,GL2i_2_1_MMStack_Default.ome.tif,C:\Users\ajdav\OneDrive - University of Cambridge\3rd Year (II)\6. Research Project\EXP5 - forward transfection repeat 3\150224 Images for Analysis,C:\Users\ajdav\OneDrive - University of Cambridge\3rd Year (II)\6. Research Project\EXP5 - forward transfection repeat 3\150224 Images for Analysis,C:\Users\ajdav\OneDrive - University of Cambridge\3rd Year (II)\6. Research Project\EXP5 - forward transfection repeat 3\150224 Images for Analysis,C:\Users\ajdav\OneDrive - University of Cambridge\3rd Year (II)\6. Research Project\EXP5 - forward transfection repeat 3\150224 Images for Analysis,3.639490433735773,3.0270695155486465,3.490165646187961,116.80348182516173,94.93427954195067,115.79063389124349,0.004043641034513712,0.0032501716632395983,0.0041199359111487865,0.00016784900799393654,0.00015259021893143654,0.00016784947365522385,1.3489289376429077,1.7470382077159403,2.006261317395808,0.008896009996533394,0.008880751207470894,0.005584802012890577,0.009109635837376118,0.008880751207470894,0.005584802012890577,0.004498752081255591,0.003741742293632443,0.004314172615807121,0.004335528815751521,0.0035237845492725093,0.004297933777188801,0.0041962312534451485,0.003402761882171035,0.00428778538480401,0.003479056991636753,0.002868696115911007,0.0036926832981407642,0.0032959487289190292,0.0027161058969795704,0.003433279925957322,0.000981643985839263,0.0011614123130264066,0.0002790677795001463,0.0006870374538510053,0.000700672938265642,0.0002657626849168077,0.004364080261439085,0.0035553521011024714,0.004455634392797947,1266.7406316497209,1267.0695184507326,1265.2005233377731,932.7814620831447,932.5569658376681,935.5254116442375,0.0,0.0,0.0,1265.645558813704,933.5691325489032,1301.0,1303.0,1247.0,941.0,937.0,1086.0,0.0,0.0,0.0,1
28,1,0,nan,monochrome,file:///C:/Users/ajdav/OneDrive%20-%20University%20of%20Cambridge/3rd%20Year%20%28II%29/6.%20Research%20Project/EXP5%20-%20forward%20transfection%20repeat%203/150224%20Images%20for%20Analysis/GL2i_3_1_MMStack_Default.ome.tif,nan,nan,0,nan,1,4,1344,1100,1,nan,nan,0,GL2i_3_1_MMStack_Default.ome.tif,GL2i_3_1_MMStack_Default.ome.tif,GL2i_3_1_MMStack_Default.ome.tif,GL2i_3_1_MMStack_Default.ome.tif,C:\Users\ajdav\OneDrive - University of Cambridge\3rd Year (II)\6. Research Project\EXP5 - forward transfection repeat 3\150224 Images for Analysis,C:\Users\ajdav\OneDrive - University of Cambridge\3rd Year (II)\6. Research Project\EXP5 - forward transfection repeat 3\150224 Images for Analysis,C:\Users\ajdav\OneDrive - University of Cambridge\3rd Year (II)\6. Research Project\EXP5 - forward transfection repeat 3\150224 Images for Analysis,C:\Users\ajdav\OneDrive - University of Cambridge\3rd Year (II)\6. Research Project\EXP5 - forward transfection repeat 3\150224 Images for Analysis,3.127077188808471,2.6623636225704104,3.3183643063530326,145.80096343299374,124.21606772602536,153.21924504032359,0.0037689784076064825,0.0032043945975601673,0.003936827648431063,0.00013733142986893654,0.00012207217514514923,0.00015259021893143654,0.2962339478010433,0.5542743328185665,0.6438836378523072,0.004715037997812033,0.004013122990727425,0.005981536582112312,0.004776074085384607,0.004165713209658861,0.005981536582112312,0.003923559835393314,0.00334048133321256,0.0041635687658130895,0.0039058363050977454,0.003327602339361498,0.004104563343253867,0.003906309604644775,0.0033264667727053165,0.0041046771220862865,0.0032501716632395983,0.0027161058969795704,0.003524834057316184,0.0031128404662013054,0.0026550698094069958,0.0032959487289190292,0.00021623233021990764,0.00020997223576150242,0.00030586713737603853,0.00020988644191797298,0.00018804827744421055,0.00023979447284625425,0.004043641034513712,0.0034485389478504658,0.004257267341017723,106.70840207119019,106.7659672022126,106.91707987395787,440.01627996989794,440.380034396722,439.53676588093293,0.0,0.0,0.0,106.42047737683838,439.94660987436043,127.0,148.0,133.0,595.0,502.0,286.0,0.0,0.0,0.0,1
29,1,0,nan,monochrome,file:///C:/Users/ajdav/OneDrive%20-%20University%20of%20Cambridge/3rd%20Year%20%28II%29/6.%20Research%20Project/EXP5%20-%20forward%20transfection%20repeat%203/150224%20Images%20for%20Analysis/GL2i_4_1_MMStack_Default.ome.tif,nan,nan,0,nan,1,4,1344,1100,1,nan,nan,0,GL2i_4_1_MMStack_Default.ome.tif,GL2i_4_1_MMStack_Default.ome.tif,GL2i_4_1_MMStack_Default.ome.tif,GL2i_4_1_MMStack_Default.ome.tif,C:\Users\ajdav\OneDrive - University of Cambridge\3rd Year (II)\6. Research Project\EXP5 - forward transfection repeat 3\150224 Images for Analysis,C:\Users\ajdav\OneDrive - University of Cambridge\3rd Year (II)\6. Research Project\EXP5 - forward transfection repeat 3\150224 Images for Analysis,C:\Users\ajdav\OneDrive - University of Cambridge\3rd Year (II)\6. Research Project\EXP5 - forward transfection repeat 3\150224 Images for Analysis,C:\Users\ajdav\OneDrive - University of Cambridge\3rd Year (II)\6. Research Project\EXP5 - forward transfection repeat 3\150224 Images for Analysis,2.875440614297986,2.565560386981815,3.064515189966187,148.62325528403744,132.5318836986553,157.4444973859936,0.0035400930792093277,0.0031586175318807364,0.003738460363820195,0.00012207217514514923,0.00012207217514514923,0.00013733142986893654,0.9450130252645242,0.8340789049088286,0.9346184721285633,0.0041962312534451485,0.0038910505827516317,0.004776074085384607,0.0045166704803705215,0.0041962312534451485,0.004776074085384607,0.0036583213922366234,0.0032640717391626147,0.003898874287488787,0.0036687135662915615,0.003271503633547809,0.003886462871466851,0.0036774242762476206,0.003265430685132742,0.003875791560858488,0.0030212863348424435,0.0026550698094069958,0.0032349126413464546,0.002914473181590438,0.0024872205685824156,0.003036545356735587,0.00020778062032102894,0.00017412238479873449,0.00023284537234125692,0.00019923823309156855,0.00017938110069055759,0.0002084644181034636,0.00379949645139277,0.003387502860277891,0.004028381779789925,1208.3390082700896,1208.44407555125,1208.3907819718886,986.5001529808513,986.5381338291893,986.4280262175669,0.0,0.0,0.0,1209.1864431882698,986.9183678507072,1168.0,1142.0,1094.0,907.0,977.0,946.0,0.0,0.0,0.0,1
30,1,0,nan,monochrome,file:///C:/Users/ajdav/OneDrive%20-%20University%20of%20Cambridge/3rd%20Year%20%28II%29/6.%20Research%20Project/EXP5%20-%20forward%20transfection%20repeat%203/150224%20Images%20for%20Analysis/GL2i_5_1_MMStack_Default.ome.tif,nan,nan,0,nan,1,4,1344,1100,1,nan,nan,0,GL2i_5_1_MMStack_Default.ome.tif,GL2i_5_1_MMStack_Default.ome.tif,GL2i_5_1_MMStack_Default.ome.tif,GL2i_5_1_MMStack_Default.ome.tif,C:\Users\ajdav\OneDrive - University of Cambridge\3rd Year (II)\6. Research Project\EXP5 - forward transfection repeat 3\150224 Images for Analysis,C:\Users\ajdav\OneDrive - University of Cambridge\3rd Year (II)\6. Research Project\EXP5 - forward transfection repeat 3\150224 Images for Analysis,C:\Users\ajdav\OneDrive - University of Cambridge\3rd Year (II)\6. Research Project\EXP5 - forward transfection repeat 3\150224 Images for Analysis,C:\Users\ajdav\OneDrive - University of Cambridge\3rd Year (II)\6. Research Project\EXP5 - forward transfection repeat 3\150224 Images for Analysis,2.8395819114521146,2.562417028704658,3.058213214855641,190.42703950288706,171.63900202303194,204.13916519470513,0.0035095750354230404,0.0031586175318807364,0.003753719385713339,0.00013733119703829288,0.00012207217514514923,0.00013733142986893654,1.0286143162732326,0.8751433427419579,1.058904542459875,0.00430304417386651,0.003982604946941137,0.0045929658226668835,0.004531929735094309,0.0041046771220862865,0.004791332874447107,0.0036404896300668136,0.0032851500368008438,0.003920786172891847,0.0036407739274794864,0.003281565502122819,0.0039029360124408293,0.0036469062324613333,0.003265430685132742,0.003906309604644775,0.002960250247269869,0.0027924010064452887,0.0032806897070258856,0.0028992141596972942,0.0025787746999412775,0.003036545356735587,0.00020868980680962868,0.0001849423501554875,0.00022971331070527283,0.00019870624269803823,0.0001788800388542486,0.00021069266423653655,0.0037689784076064825,0.003402761882171035,0.004043641034513712,1213.1269227674343,1213.2735584960003,1213.1444711566023,964.930291102207,964.9894212149917,964.8560786017825,0.0,0.0,0.0,1213.9718568369533,965.5169203120221,1132.0,1325.0,1099.0,912.0,952.0,920.0,0.0,0.0,0.0,1
